"filename", "language", "Python", "CSS", "XML", "JavaScript", "HTML", "JSON", "Markdown", "comment", "blank", "total"
"c:\Users\carso\GitHub\Website\RRRApp\__init__.py", "Python", 0, 0, 0, 0, 0, 0, 0, 0, 1, 1
"c:\Users\carso\GitHub\Website\RRRApp\admin.py", "Python", 8, 0, 0, 0, 0, 0, 0, 1, 2, 11
"c:\Users\carso\GitHub\Website\RRRApp\apps.py", "Python", 4, 0, 0, 0, 0, 0, 0, 0, 3, 7
"c:\Users\carso\GitHub\Website\RRRApp\functions\__init__.py", "Python", 0, 0, 0, 0, 0, 0, 0, 0, 1, 1
"c:\Users\carso\GitHub\Website\RRRApp\functions\carShowReg.py", "Python", 17, 0, 0, 0, 0, 0, 0, 8, 3, 28
"c:\Users\carso\GitHub\Website\RRRApp\functions\email.py", "Python", 53, 0, 0, 0, 0, 0, 0, 1, 9, 63
"c:\Users\carso\GitHub\Website\RRRApp\functions\merch.py", "Python", 13, 0, 0, 0, 0, 0, 0, 0, 2, 15
"c:\Users\carso\GitHub\Website\RRRApp\functions\tempCodeRunnerFile.py", "Python", 1, 0, 0, 0, 0, 0, 0, 1, 0, 2
"c:\Users\carso\GitHub\Website\RRRApp\migrations\0001_initial.py", "Python", 42, 0, 0, 0, 0, 0, 0, 1, 7, 50
"c:\Users\carso\GitHub\Website\RRRApp\migrations\0002_alter_car_image_alter_member_headshot_and_more.py", "Python", 27, 0, 0, 0, 0, 0, 0, 1, 6, 34
"c:\Users\carso\GitHub\Website\RRRApp\migrations\0003_alter_car_image_alter_member_headshot_and_more.py", "Python", 22, 0, 0, 0, 0, 0, 0, 1, 6, 29
"c:\Users\carso\GitHub\Website\RRRApp\migrations\0004_adminmember_techincalmember_delete_member.py", "Python", 32, 0, 0, 0, 0, 0, 0, 1, 6, 39
"c:\Users\carso\GitHub\Website\RRRApp\migrations\0005_alter_adminmember_headshot_alter_car_image_and_more.py", "Python", 27, 0, 0, 0, 0, 0, 0, 1, 6, 34
"c:\Users\carso\GitHub\Website\RRRApp\migrations\0006_rename_name_adminmember_member_name_and_more.py", "Python", 32, 0, 0, 0, 0, 0, 0, 1, 6, 39
"c:\Users\carso\GitHub\Website\RRRApp\migrations\0007_alter_adminmember_headshot_and_more.py", "Python", 108, 0, 0, 0, 0, 0, 0, 1, 6, 115
"c:\Users\carso\GitHub\Website\RRRApp\migrations\0008_alter_adminmember_linkedin_and_more.py", "Python", 17, 0, 0, 0, 0, 0, 0, 1, 6, 24
"c:\Users\carso\GitHub\Website\RRRApp\migrations\0009_alter_adminmember_headshot_and_more.py", "Python", 17, 0, 0, 0, 0, 0, 0, 1, 6, 24
"c:\Users\carso\GitHub\Website\RRRApp\migrations\0010_alter_adminmember_linkedin_and_more.py", "Python", 17, 0, 0, 0, 0, 0, 0, 1, 6, 24
"c:\Users\carso\GitHub\Website\RRRApp\migrations\0011_alter_car_competition_placement_and_more.py", "Python", 23, 0, 0, 0, 0, 0, 0, 1, 6, 30
"c:\Users\carso\GitHub\Website\RRRApp\migrations\0012_alter_car_car_name_alter_car_chassis_and_more.py", "Python", 37, 0, 0, 0, 0, 0, 0, 1, 6, 44
"c:\Users\carso\GitHub\Website\RRRApp\migrations\0013_alter_merchitem_item_name.py", "Python", 12, 0, 0, 0, 0, 0, 0, 1, 6, 19
"c:\Users\carso\GitHub\Website\RRRApp\migrations\0014_rename_adminmember_adminteammember_and_more.py", "Python", 15, 0, 0, 0, 0, 0, 0, 1, 6, 22
"c:\Users\carso\GitHub\Website\RRRApp\migrations\0015_alter_merchitem_image.py", "Python", 12, 0, 0, 0, 0, 0, 0, 1, 6, 19
"c:\Users\carso\GitHub\Website\RRRApp\migrations\0016_carshowlocation_alter_merchitem_size.py", "Python", 20, 0, 0, 0, 0, 0, 0, 1, 6, 27
"c:\Users\carso\GitHub\Website\RRRApp\migrations\0017_alter_carshowlocation_location.py", "Python", 12, 0, 0, 0, 0, 0, 0, 1, 6, 19
"c:\Users\carso\GitHub\Website\RRRApp\migrations\0018_alter_carshowlocation_location.py", "Python", 12, 0, 0, 0, 0, 0, 0, 1, 6, 19
"c:\Users\carso\GitHub\Website\RRRApp\migrations\0019_alter_carshowlocation_location.py", "Python", 12, 0, 0, 0, 0, 0, 0, 1, 6, 19
"c:\Users\carso\GitHub\Website\RRRApp\migrations\0020_carshowlocation_date_carshowlocation_end_time_and_more.py", "Python", 22, 0, 0, 0, 0, 0, 0, 1, 6, 29
"c:\Users\carso\GitHub\Website\RRRApp\migrations\0021_alter_carshowlocation_end_time_and_more.py", "Python", 17, 0, 0, 0, 0, 0, 0, 1, 6, 24
"c:\Users\carso\GitHub\Website\RRRApp\migrations\0022_faqquestion_alter_carshowlocation_location.py", "Python", 20, 0, 0, 0, 0, 0, 0, 1, 6, 27
"c:\Users\carso\GitHub\Website\RRRApp\migrations\0023_merchitem_secondary_image_and_more.py", "Python", 37, 0, 0, 0, 0, 0, 0, 1, 6, 44
"c:\Users\carso\GitHub\Website\RRRApp\migrations\0024_alter_adminteammember_headshot_alter_car_image_and_more.py", "Python", 32, 0, 0, 0, 0, 0, 0, 1, 6, 39
"c:\Users\carso\GitHub\Website\RRRApp\migrations\0025_rename_carshowlocation_carshow.py", "Python", 11, 0, 0, 0, 0, 0, 0, 1, 6, 18
"c:\Users\carso\GitHub\Website\RRRApp\migrations\0026_carshow_email_preregister_payment_link_and_more.py", "Python", 17, 0, 0, 0, 0, 0, 0, 1, 6, 24
"c:\Users\carso\GitHub\Website\RRRApp\migrations\0027_remove_carshow_email_subject.py", "Python", 11, 0, 0, 0, 0, 0, 0, 1, 6, 18
"c:\Users\carso\GitHub\Website\RRRApp\migrations\0028_alter_carshow_date_alter_carshow_end_time_and_more.py", "Python", 22, 0, 0, 0, 0, 0, 0, 1, 6, 29
"c:\Users\carso\GitHub\Website\RRRApp\migrations\0029_rename_location_carshow_location_html_and_more.py", "Python", 17, 0, 0, 0, 0, 0, 0, 1, 6, 24
"c:\Users\carso\GitHub\Website\RRRApp\migrations\0030_remove_carshow_location_name.py", "Python", 11, 0, 0, 0, 0, 0, 0, 1, 6, 18
"c:\Users\carso\GitHub\Website\RRRApp\migrations\0031_carshow_location_name.py", "Python", 12, 0, 0, 0, 0, 0, 0, 1, 6, 19
"c:\Users\carso\GitHub\Website\RRRApp\migrations\__init__.py", "Python", 0, 0, 0, 0, 0, 0, 0, 0, 1, 1
"c:\Users\carso\GitHub\Website\RRRApp\models.py", "Python", 55, 0, 0, 0, 0, 0, 0, 1, 14, 70
"c:\Users\carso\GitHub\Website\RRRApp\static\css\images.css", "CSS", 0, 22, 0, 0, 0, 0, 0, 2, 6, 30
"c:\Users\carso\GitHub\Website\RRRApp\static\css\smoke.css", "CSS", 0, 160, 0, 0, 0, 0, 0, 4, 25, 189
"c:\Users\carso\GitHub\Website\RRRApp\static\css\style.css", "CSS", 0, 1430, 0, 0, 0, 0, 0, 16, 260, 1706
"c:\Users\carso\GitHub\Website\RRRApp\static\icons\briefcase-icon.svg", "XML", 0, 0, 1, 0, 0, 0, 0, 0, 0, 1
"c:\Users\carso\GitHub\Website\RRRApp\static\icons\cookies-icon.svg", "XML", 0, 0, 1, 0, 0, 0, 0, 0, 0, 1
"c:\Users\carso\GitHub\Website\RRRApp\static\icons\facebook-round-icon.svg", "XML", 0, 0, 1, 0, 0, 0, 0, 0, 0, 1
"c:\Users\carso\GitHub\Website\RRRApp\static\icons\globe-network-icon.svg", "XML", 0, 0, 1, 0, 0, 0, 0, 0, 0, 1
"c:\Users\carso\GitHub\Website\RRRApp\static\icons\group-icon.svg", "XML", 0, 0, 1, 0, 0, 0, 0, 0, 0, 1
"c:\Users\carso\GitHub\Website\RRRApp\static\icons\instagram-icon.svg", "XML", 0, 0, 1, 0, 0, 0, 0, 0, 0, 1
"c:\Users\carso\GitHub\Website\RRRApp\static\icons\linkedin-icon.svg", "XML", 0, 0, 1, 0, 0, 0, 0, 0, 0, 1
"c:\Users\carso\GitHub\Website\RRRApp\static\icons\mail-icon.svg", "XML", 0, 0, 1, 0, 0, 0, 0, 0, 0, 1
"c:\Users\carso\GitHub\Website\RRRApp\static\icons\settings-icon.svg", "XML", 0, 0, 1, 0, 0, 0, 0, 0, 0, 1
"c:\Users\carso\GitHub\Website\RRRApp\static\js\script.js", "JavaScript", 0, 0, 0, 554, 0, 0, 0, 70, 89, 713
"c:\Users\carso\GitHub\Website\RRRApp\templates\404.html", "HTML", 0, 0, 0, 0, 60, 0, 0, 0, 5, 65
"c:\Users\carso\GitHub\Website\RRRApp\templates\500.html", "HTML", 0, 0, 0, 0, 14, 0, 0, 0, 2, 16
"c:\Users\carso\GitHub\Website\RRRApp\templates\base.html", "HTML", 0, 0, 0, 0, 82, 0, 0, 6, 10, 98
"c:\Users\carso\GitHub\Website\RRRApp\templates\cars.html", "HTML", 0, 0, 0, 0, 86, 0, 0, 0, 5, 91
"c:\Users\carso\GitHub\Website\RRRApp\templates\carshow.html", "HTML", 0, 0, 0, 0, 104, 0, 0, 0, 11, 115
"c:\Users\carso\GitHub\Website\RRRApp\templates\faq.html", "HTML", 0, 0, 0, 0, 82, 0, 0, 0, 2, 84
"c:\Users\carso\GitHub\Website\RRRApp\templates\index.html", "HTML", 0, 0, 0, 0, 205, 0, 0, 2, 15, 222
"c:\Users\carso\GitHub\Website\RRRApp\templates\privacy.html", "HTML", 0, 0, 0, 0, 63, 0, 0, 0, 13, 76
"c:\Users\carso\GitHub\Website\RRRApp\templates\sponsor.html", "HTML", 0, 0, 0, 0, 214, 0, 0, 0, 2, 216
"c:\Users\carso\GitHub\Website\RRRApp\templates\team.html", "HTML", 0, 0, 0, 0, 81, 0, 0, 0, 2, 83
"c:\Users\carso\GitHub\Website\RRRApp\templates\terms.html", "HTML", 0, 0, 0, 0, 46, 0, 0, 0, 10, 56
"c:\Users\carso\GitHub\Website\RRRApp\tests.py", "Python", 114, 0, 0, 0, 0, 0, 0, 15, 37, 166
"c:\Users\carso\GitHub\Website\RRRApp\urls.py", "Python", 23, 0, 0, 0, 0, 0, 0, 4, 5, 32
"c:\Users\carso\GitHub\Website\RRRApp\views.py", "Python", 107, 0, 0, 0, 0, 0, 0, 16, 27, 150
"c:\Users\carso\GitHub\Website\static\admin\css\autocomplete.4a81fc4242d0.css", "CSS", 0, -227, 0, 0, 0, 0, 0, 0, -49, -276
"c:\Users\carso\GitHub\Website\static\admin\css\autocomplete.css", "CSS", 0, -227, 0, 0, 0, 0, 0, 0, -49, -276
"c:\Users\carso\GitHub\Website\static\admin\css\base.64976e0f7339.css", "CSS", 0, -904, 0, 0, 0, 0, 0, -24, -211, -1139
"c:\Users\carso\GitHub\Website\static\admin\css\base.css", "CSS", 0, -904, 0, 0, 0, 0, 0, -24, -211, -1139
"c:\Users\carso\GitHub\Website\static\admin\css\changelists.9237a1ac391b.css", "CSS", 0, -260, 0, 0, 0, 0, 0, -8, -61, -329
"c:\Users\carso\GitHub\Website\static\admin\css\changelists.css", "CSS", 0, -260, 0, 0, 0, 0, 0, -8, -61, -329
"c:\Users\carso\GitHub\Website\static\admin\css\changelists.f4631a29abad.css", "CSS", 0, -260, 0, 0, 0, 0, 0, -8, -61, -329
"c:\Users\carso\GitHub\Website\static\admin\css\dark_mode.css", "CSS", 0, -104, 0, 0, 0, 0, 0, -6, -28, -138
"c:\Users\carso\GitHub\Website\static\admin\css\dark_mode.ef27a31af300.css", "CSS", 0, -104, 0, 0, 0, 0, 0, -6, -28, -138
"c:\Users\carso\GitHub\Website\static\admin\css\dashboard.css", "CSS", 0, -21, 0, 0, 0, 0, 0, -2, -7, -30
"c:\Users\carso\GitHub\Website\static\admin\css\dashboard.e90f2068217b.css", "CSS", 0, -21, 0, 0, 0, 0, 0, -2, -7, -30
"c:\Users\carso\GitHub\Website\static\admin\css\forms.334b7289c8eb.css", "CSS", 0, -415, 0, 0, 0, 0, 0, -11, -105, -531
"c:\Users\carso\GitHub\Website\static\admin\css\forms.3b181cba6653.css", "CSS", 0, -415, 0, 0, 0, 0, 0, -11, -105, -531
"c:\Users\carso\GitHub\Website\static\admin\css\forms.671bb36e43e3.css", "CSS", 0, -413, 0, 0, 0, 0, 0, -11, -105, -529
"c:\Users\carso\GitHub\Website\static\admin\css\forms.css", "CSS", 0, -415, 0, 0, 0, 0, 0, -11, -105, -531
"c:\Users\carso\GitHub\Website\static\admin\css\login.586129c60a93.css", "CSS", 0, -49, 0, 0, 0, 0, 0, -1, -12, -62
"c:\Users\carso\GitHub\Website\static\admin\css\login.css", "CSS", 0, -49, 0, 0, 0, 0, 0, -1, -12, -62
"c:\Users\carso\GitHub\Website\static\admin\css\nav_sidebar.269a1bd44627.css", "CSS", 0, -120, 0, 0, 0, 0, 0, 0, -25, -145
"c:\Users\carso\GitHub\Website\static\admin\css\nav_sidebar.css", "CSS", 0, -120, 0, 0, 0, 0, 0, 0, -25, -145
"c:\Users\carso\GitHub\Website\static\admin\css\responsive.107cd2690311.css", "CSS", 0, -749, 0, 0, 0, 0, 0, -28, -222, -999
"c:\Users\carso\GitHub\Website\static\admin\css\responsive.css", "CSS", 0, -749, 0, 0, 0, 0, 0, -28, -222, -999
"c:\Users\carso\GitHub\Website\static\admin\css\responsive_rtl.97b066429fd8.css", "CSS", 0, -64, 0, 0, 0, 0, 0, -2, -16, -82
"c:\Users\carso\GitHub\Website\static\admin\css\responsive_rtl.css", "CSS", 0, -64, 0, 0, 0, 0, 0, -2, -16, -82
"c:\Users\carso\GitHub\Website\static\admin\css\rtl.4685390ad96d.css", "CSS", 0, -219, 0, 0, 0, 0, 0, -8, -62, -289
"c:\Users\carso\GitHub\Website\static\admin\css\rtl.ac25b2aecb6e.css", "CSS", 0, -217, 0, 0, 0, 0, 0, -8, -62, -287
"c:\Users\carso\GitHub\Website\static\admin\css\rtl.css", "CSS", 0, -219, 0, 0, 0, 0, 0, -8, -62, -289
"c:\Users\carso\GitHub\Website\static\admin\css\vendor\select2\LICENSE-SELECT2.f94142512c91.md", "Markdown", 0, 0, 0, 0, 0, 0, -17, 0, -5, -22
"c:\Users\carso\GitHub\Website\static\admin\css\vendor\select2\LICENSE-SELECT2.md", "Markdown", 0, 0, 0, 0, 0, 0, -17, 0, -5, -22
"c:\Users\carso\GitHub\Website\static\admin\css\vendor\select2\select2.a2194c262648.css", "CSS", 0, -425, 0, 0, 0, 0, 0, 0, -57, -482
"c:\Users\carso\GitHub\Website\static\admin\css\vendor\select2\select2.css", "CSS", 0, -425, 0, 0, 0, 0, 0, 0, -57, -482
"c:\Users\carso\GitHub\Website\static\admin\css\vendor\select2\select2.min.9f54e6414f87.css", "CSS", 0, -1, 0, 0, 0, 0, 0, 0, -1, -2
"c:\Users\carso\GitHub\Website\static\admin\css\vendor\select2\select2.min.css", "CSS", 0, -1, 0, 0, 0, 0, 0, 0, -1, -2
"c:\Users\carso\GitHub\Website\static\admin\css\widgets.0a3765e806b3.css", "CSS", 0, -492, 0, 0, 0, 0, 0, -9, -103, -604
"c:\Users\carso\GitHub\Website\static\admin\css\widgets.css", "CSS", 0, -492, 0, 0, 0, 0, 0, -9, -103, -604
"c:\Users\carso\GitHub\Website\static\admin\img\calendar-icons.39b290681a8b.svg", "XML", 0, 0, -14, 0, 0, 0, 0, 0, -1, -15
"c:\Users\carso\GitHub\Website\static\admin\img\calendar-icons.svg", "XML", 0, 0, -14, 0, 0, 0, 0, 0, -1, -15
"c:\Users\carso\GitHub\Website\static\admin\img\gis\move_vertex_off.7a23bf31ef8a.svg", "XML", 0, 0, -1, 0, 0, 0, 0, 0, 0, -1
"c:\Users\carso\GitHub\Website\static\admin\img\gis\move_vertex_off.svg", "XML", 0, 0, -1, 0, 0, 0, 0, 0, 0, -1
"c:\Users\carso\GitHub\Website\static\admin\img\gis\move_vertex_on.0047eba25b67.svg", "XML", 0, 0, -1, 0, 0, 0, 0, 0, 0, -1
"c:\Users\carso\GitHub\Website\static\admin\img\gis\move_vertex_on.svg", "XML", 0, 0, -1, 0, 0, 0, 0, 0, 0, -1
"c:\Users\carso\GitHub\Website\static\admin\img\icon-addlink.d519b3bab011.svg", "XML", 0, 0, -3, 0, 0, 0, 0, 0, -1, -4
"c:\Users\carso\GitHub\Website\static\admin\img\icon-addlink.svg", "XML", 0, 0, -3, 0, 0, 0, 0, 0, -1, -4
"c:\Users\carso\GitHub\Website\static\admin\img\icon-alert.034cc7d8a67f.svg", "XML", 0, 0, -3, 0, 0, 0, 0, 0, -1, -4
"c:\Users\carso\GitHub\Website\static\admin\img\icon-alert.svg", "XML", 0, 0, -3, 0, 0, 0, 0, 0, -1, -4
"c:\Users\carso\GitHub\Website\static\admin\img\icon-calendar.ac7aea671bea.svg", "XML", 0, 0, -9, 0, 0, 0, 0, 0, -1, -10
"c:\Users\carso\GitHub\Website\static\admin\img\icon-calendar.svg", "XML", 0, 0, -9, 0, 0, 0, 0, 0, -1, -10
"c:\Users\carso\GitHub\Website\static\admin\img\icon-changelink.18d2fd706348.svg", "XML", 0, 0, -3, 0, 0, 0, 0, 0, -1, -4
"c:\Users\carso\GitHub\Website\static\admin\img\icon-changelink.svg", "XML", 0, 0, -3, 0, 0, 0, 0, 0, -1, -4
"c:\Users\carso\GitHub\Website\static\admin\img\icon-clock.e1d4dfac3f2b.svg", "XML", 0, 0, -9, 0, 0, 0, 0, 0, -1, -10
"c:\Users\carso\GitHub\Website\static\admin\img\icon-clock.svg", "XML", 0, 0, -9, 0, 0, 0, 0, 0, -1, -10
"c:\Users\carso\GitHub\Website\static\admin\img\icon-deletelink.564ef9dc3854.svg", "XML", 0, 0, -3, 0, 0, 0, 0, 0, -1, -4
"c:\Users\carso\GitHub\Website\static\admin\img\icon-deletelink.svg", "XML", 0, 0, -3, 0, 0, 0, 0, 0, -1, -4
"c:\Users\carso\GitHub\Website\static\admin\img\icon-no.439e821418cd.svg", "XML", 0, 0, -3, 0, 0, 0, 0, 0, -1, -4
"c:\Users\carso\GitHub\Website\static\admin\img\icon-no.svg", "XML", 0, 0, -3, 0, 0, 0, 0, 0, -1, -4
"c:\Users\carso\GitHub\Website\static\admin\img\icon-unknown-alt.81536e128bb6.svg", "XML", 0, 0, -3, 0, 0, 0, 0, 0, -1, -4
"c:\Users\carso\GitHub\Website\static\admin\img\icon-unknown-alt.svg", "XML", 0, 0, -3, 0, 0, 0, 0, 0, -1, -4
"c:\Users\carso\GitHub\Website\static\admin\img\icon-unknown.a18cb4398978.svg", "XML", 0, 0, -3, 0, 0, 0, 0, 0, -1, -4
"c:\Users\carso\GitHub\Website\static\admin\img\icon-unknown.svg", "XML", 0, 0, -3, 0, 0, 0, 0, 0, -1, -4
"c:\Users\carso\GitHub\Website\static\admin\img\icon-viewlink.41eb31f7826e.svg", "XML", 0, 0, -3, 0, 0, 0, 0, 0, -1, -4
"c:\Users\carso\GitHub\Website\static\admin\img\icon-viewlink.svg", "XML", 0, 0, -3, 0, 0, 0, 0, 0, -1, -4
"c:\Users\carso\GitHub\Website\static\admin\img\icon-yes.d2f9f035226a.svg", "XML", 0, 0, -3, 0, 0, 0, 0, 0, -1, -4
"c:\Users\carso\GitHub\Website\static\admin\img\icon-yes.svg", "XML", 0, 0, -3, 0, 0, 0, 0, 0, -1, -4
"c:\Users\carso\GitHub\Website\static\admin\img\inline-delete.fec1b761f254.svg", "XML", 0, 0, -3, 0, 0, 0, 0, 0, -1, -4
"c:\Users\carso\GitHub\Website\static\admin\img\inline-delete.svg", "XML", 0, 0, -3, 0, 0, 0, 0, 0, -1, -4
"c:\Users\carso\GitHub\Website\static\admin\img\search.7cf54ff789c6.svg", "XML", 0, 0, -3, 0, 0, 0, 0, 0, -1, -4
"c:\Users\carso\GitHub\Website\static\admin\img\search.svg", "XML", 0, 0, -3, 0, 0, 0, 0, 0, -1, -4
"c:\Users\carso\GitHub\Website\static\admin\img\selector-icons.b4555096cea2.svg", "XML", 0, 0, -34, 0, 0, 0, 0, 0, -1, -35
"c:\Users\carso\GitHub\Website\static\admin\img\selector-icons.svg", "XML", 0, 0, -34, 0, 0, 0, 0, 0, -1, -35
"c:\Users\carso\GitHub\Website\static\admin\img\sorting-icons.3a097b59f104.svg", "XML", 0, 0, -19, 0, 0, 0, 0, 0, -1, -20
"c:\Users\carso\GitHub\Website\static\admin\img\sorting-icons.svg", "XML", 0, 0, -19, 0, 0, 0, 0, 0, -1, -20
"c:\Users\carso\GitHub\Website\static\admin\img\tooltag-add.e59d620a9742.svg", "XML", 0, 0, -3, 0, 0, 0, 0, 0, -1, -4
"c:\Users\carso\GitHub\Website\static\admin\img\tooltag-add.svg", "XML", 0, 0, -3, 0, 0, 0, 0, 0, -1, -4
"c:\Users\carso\GitHub\Website\static\admin\img\tooltag-arrowright.bbfb788a849e.svg", "XML", 0, 0, -3, 0, 0, 0, 0, 0, -1, -4
"c:\Users\carso\GitHub\Website\static\admin\img\tooltag-arrowright.svg", "XML", 0, 0, -3, 0, 0, 0, 0, 0, -1, -4
"c:\Users\carso\GitHub\Website\static\admin\js\SelectBox.7d3ce5a98007.js", "JavaScript", 0, 0, 0, -111, 0, 0, 0, -5, -1, -117
"c:\Users\carso\GitHub\Website\static\admin\js\SelectBox.js", "JavaScript", 0, 0, 0, -111, 0, 0, 0, -5, -1, -117
"c:\Users\carso\GitHub\Website\static\admin\js\SelectFilter2.bdb8d0cc579e.js", "JavaScript", 0, 0, 0, -234, 0, 0, 0, -26, -24, -284
"c:\Users\carso\GitHub\Website\static\admin\js\SelectFilter2.js", "JavaScript", 0, 0, 0, -234, 0, 0, 0, -26, -24, -284
"c:\Users\carso\GitHub\Website\static\admin\js\actions.eac7e3441574.js", "JavaScript", 0, 0, 0, -174, 0, 0, 0, -7, -21, -202
"c:\Users\carso\GitHub\Website\static\admin\js\actions.js", "JavaScript", 0, 0, 0, -174, 0, 0, 0, -7, -21, -202
"c:\Users\carso\GitHub\Website\static\admin\js\admin\DateTimeShortcuts.9f6e209cebca.js", "JavaScript", 0, 0, 0, -317, 0, 0, 0, -65, -27, -409
"c:\Users\carso\GitHub\Website\static\admin\js\admin\DateTimeShortcuts.js", "JavaScript", 0, 0, 0, -317, 0, 0, 0, -65, -27, -409
"c:\Users\carso\GitHub\Website\static\admin\js\admin\RelatedObjectLookups.8609f99b9ab2.js", "JavaScript", 0, 0, 0, -203, 0, 0, 0, -13, -23, -239
"c:\Users\carso\GitHub\Website\static\admin\js\admin\RelatedObjectLookups.js", "JavaScript", 0, 0, 0, -203, 0, 0, 0, -13, -23, -239
"c:\Users\carso\GitHub\Website\static\admin\js\autocomplete.01591ab27be7.js", "JavaScript", 0, 0, 0, -28, 0, 0, 0, -2, -4, -34
"c:\Users\carso\GitHub\Website\static\admin\js\autocomplete.js", "JavaScript", 0, 0, 0, -28, 0, 0, 0, -2, -4, -34
"c:\Users\carso\GitHub\Website\static\admin\js\calendar.f8a5d055eb33.js", "JavaScript", 0, 0, 0, -178, 0, 0, 0, -28, -16, -222
"c:\Users\carso\GitHub\Website\static\admin\js\calendar.js", "JavaScript", 0, 0, 0, -178, 0, 0, 0, -28, -16, -222
"c:\Users\carso\GitHub\Website\static\admin\js\cancel.ecc4c5ca7b32.js", "JavaScript", 0, 0, 0, -24, 0, 0, 0, -3, -3, -30
"c:\Users\carso\GitHub\Website\static\admin\js\cancel.js", "JavaScript", 0, 0, 0, -24, 0, 0, 0, -3, -3, -30
"c:\Users\carso\GitHub\Website\static\admin\js\change_form.9d8ca4f96b75.js", "JavaScript", 0, 0, 0, -14, 0, 0, 0, -2, -1, -17
"c:\Users\carso\GitHub\Website\static\admin\js\change_form.js", "JavaScript", 0, 0, 0, -14, 0, 0, 0, -2, -1, -17
"c:\Users\carso\GitHub\Website\static\admin\js\collapse.f84e7410290f.js", "JavaScript", 0, 0, 0, -37, 0, 0, 0, -6, -1, -44
"c:\Users\carso\GitHub\Website\static\admin\js\collapse.js", "JavaScript", 0, 0, 0, -37, 0, 0, 0, -6, -1, -44
"c:\Users\carso\GitHub\Website\static\admin\js\core.cf103cd04ebf.js", "JavaScript", 0, 0, 0, -136, 0, 0, 0, -19, -16, -171
"c:\Users\carso\GitHub\Website\static\admin\js\core.js", "JavaScript", 0, 0, 0, -136, 0, 0, 0, -19, -16, -171
"c:\Users\carso\GitHub\Website\static\admin\js\filters.0e360b7a9f80.js", "JavaScript", 0, 0, 0, -20, 0, 0, 0, -6, -5, -31
"c:\Users\carso\GitHub\Website\static\admin\js\filters.js", "JavaScript", 0, 0, 0, -20, 0, 0, 0, -6, -5, -31
"c:\Users\carso\GitHub\Website\static\admin\js\inlines.22d4d93c00b4.js", "JavaScript", 0, 0, 0, -272, 0, 0, 0, -61, -27, -360
"c:\Users\carso\GitHub\Website\static\admin\js\inlines.js", "JavaScript", 0, 0, 0, -272, 0, 0, 0, -61, -27, -360
"c:\Users\carso\GitHub\Website\static\admin\js\jquery.init.b7781a0897fc.js", "JavaScript", 0, 0, 0, -2, 0, 0, 0, -6, -1, -9
"c:\Users\carso\GitHub\Website\static\admin\js\jquery.init.js", "JavaScript", 0, 0, 0, -2, 0, 0, 0, -6, -1, -9
"c:\Users\carso\GitHub\Website\static\admin\js\nav_sidebar.3b9190d420b1.js", "JavaScript", 0, 0, 0, -73, 0, 0, 0, -1, -6, -80
"c:\Users\carso\GitHub\Website\static\admin\js\nav_sidebar.js", "JavaScript", 0, 0, 0, -73, 0, 0, 0, -1, -6, -80
"c:\Users\carso\GitHub\Website\static\admin\js\popup_response.c6cc78ea5551.js", "JavaScript", 0, 0, 0, -15, 0, 0, 0, -1, -1, -17
"c:\Users\carso\GitHub\Website\static\admin\js\popup_response.js", "JavaScript", 0, 0, 0, -15, 0, 0, 0, -1, -1, -17
"c:\Users\carso\GitHub\Website\static\admin\js\prepopulate.bd2361dfd64d.js", "JavaScript", 0, 0, 0, -29, 0, 0, 0, -10, -5, -44
"c:\Users\carso\GitHub\Website\static\admin\js\prepopulate.js", "JavaScript", 0, 0, 0, -29, 0, 0, 0, -10, -5, -44
"c:\Users\carso\GitHub\Website\static\admin\js\prepopulate_init.6cac7f3105b8.js", "JavaScript", 0, 0, 0, -15, 0, 0, 0, 0, -1, -16
"c:\Users\carso\GitHub\Website\static\admin\js\prepopulate_init.js", "JavaScript", 0, 0, 0, -15, 0, 0, 0, 0, -1, -16
"c:\Users\carso\GitHub\Website\static\admin\js\theme.ab270f56bb9c.js", "JavaScript", 0, 0, 0, -46, 0, 0, 0, -4, -7, -57
"c:\Users\carso\GitHub\Website\static\admin\js\theme.js", "JavaScript", 0, 0, 0, -46, 0, 0, 0, -4, -7, -57
"c:\Users\carso\GitHub\Website\static\admin\js\urlify.ae970a820212.js", "JavaScript", 0, 0, 0, -159, 0, 0, 0, -5, -6, -170
"c:\Users\carso\GitHub\Website\static\admin\js\urlify.js", "JavaScript", 0, 0, 0, -159, 0, 0, 0, -5, -6, -170
"c:\Users\carso\GitHub\Website\static\admin\js\vendor\jquery\jquery.0208b96062ba.js", "JavaScript", 0, 0, 0, -6913, 0, 0, 0, -1962, -2091, -10966
"c:\Users\carso\GitHub\Website\static\admin\js\vendor\jquery\jquery.js", "JavaScript", 0, 0, 0, -6913, 0, 0, 0, -1962, -2091, -10966
"c:\Users\carso\GitHub\Website\static\admin\js\vendor\jquery\jquery.min.641dd1437010.js", "JavaScript", 0, 0, 0, -1, 0, 0, 0, -1, -1, -3
"c:\Users\carso\GitHub\Website\static\admin\js\vendor\jquery\jquery.min.js", "JavaScript", 0, 0, 0, -1, 0, 0, 0, -1, -1, -3
"c:\Users\carso\GitHub\Website\static\admin\js\vendor\select2\LICENSE.f94142512c91.md", "Markdown", 0, 0, 0, 0, 0, 0, -17, 0, -5, -22
"c:\Users\carso\GitHub\Website\static\admin\js\vendor\select2\LICENSE.md", "Markdown", 0, 0, 0, 0, 0, 0, -17, 0, -5, -22
"c:\Users\carso\GitHub\Website\static\admin\js\vendor\select2\i18n\af.4f6fcd73488c.js", "JavaScript", 0, 0, 0, -1, 0, 0, 0, -1, -1, -3
"c:\Users\carso\GitHub\Website\static\admin\js\vendor\select2\i18n\af.js", "JavaScript", 0, 0, 0, -1, 0, 0, 0, -1, -1, -3
"c:\Users\carso\GitHub\Website\static\admin\js\vendor\select2\i18n\ar.65aa8e36bf5d.js", "JavaScript", 0, 0, 0, -1, 0, 0, 0, -1, -1, -3
"c:\Users\carso\GitHub\Website\static\admin\js\vendor\select2\i18n\ar.js", "JavaScript", 0, 0, 0, -1, 0, 0, 0, -1, -1, -3
"c:\Users\carso\GitHub\Website\static\admin\js\vendor\select2\i18n\az.270c257daf81.js", "JavaScript", 0, 0, 0, -1, 0, 0, 0, -1, -1, -3
"c:\Users\carso\GitHub\Website\static\admin\js\vendor\select2\i18n\az.js", "JavaScript", 0, 0, 0, -1, 0, 0, 0, -1, -1, -3
"c:\Users\carso\GitHub\Website\static\admin\js\vendor\select2\i18n\bg.39b8be30d4f0.js", "JavaScript", 0, 0, 0, -1, 0, 0, 0, -1, -1, -3
"c:\Users\carso\GitHub\Website\static\admin\js\vendor\select2\i18n\bg.js", "JavaScript", 0, 0, 0, -1, 0, 0, 0, -1, -1, -3
"c:\Users\carso\GitHub\Website\static\admin\js\vendor\select2\i18n\bn.6d42b4dd5665.js", "JavaScript", 0, 0, 0, -1, 0, 0, 0, -1, -1, -3
"c:\Users\carso\GitHub\Website\static\admin\js\vendor\select2\i18n\bn.js", "JavaScript", 0, 0, 0, -1, 0, 0, 0, -1, -1, -3
"c:\Users\carso\GitHub\Website\static\admin\js\vendor\select2\i18n\bs.91624382358e.js", "JavaScript", 0, 0, 0, -1, 0, 0, 0, -1, -1, -3
"c:\Users\carso\GitHub\Website\static\admin\js\vendor\select2\i18n\bs.js", "JavaScript", 0, 0, 0, -1, 0, 0, 0, -1, -1, -3
"c:\Users\carso\GitHub\Website\static\admin\js\vendor\select2\i18n\ca.a166b745933a.js", "JavaScript", 0, 0, 0, -1, 0, 0, 0, -1, -1, -3
"c:\Users\carso\GitHub\Website\static\admin\js\vendor\select2\i18n\ca.js", "JavaScript", 0, 0, 0, -1, 0, 0, 0, -1, -1, -3
"c:\Users\carso\GitHub\Website\static\admin\js\vendor\select2\i18n\cs.4f43e8e7d33a.js", "JavaScript", 0, 0, 0, -1, 0, 0, 0, -1, -1, -3
"c:\Users\carso\GitHub\Website\static\admin\js\vendor\select2\i18n\cs.js", "JavaScript", 0, 0, 0, -1, 0, 0, 0, -1, -1, -3
"c:\Users\carso\GitHub\Website\static\admin\js\vendor\select2\i18n\da.766346afe4dd.js", "JavaScript", 0, 0, 0, -1, 0, 0, 0, -1, -1, -3
"c:\Users\carso\GitHub\Website\static\admin\js\vendor\select2\i18n\da.js", "JavaScript", 0, 0, 0, -1, 0, 0, 0, -1, -1, -3
"c:\Users\carso\GitHub\Website\static\admin\js\vendor\select2\i18n\de.8a1c222b0204.js", "JavaScript", 0, 0, 0, -1, 0, 0, 0, -1, -1, -3
"c:\Users\carso\GitHub\Website\static\admin\js\vendor\select2\i18n\de.js", "JavaScript", 0, 0, 0, -1, 0, 0, 0, -1, -1, -3
"c:\Users\carso\GitHub\Website\static\admin\js\vendor\select2\i18n\dsb.56372c92d2f1.js", "JavaScript", 0, 0, 0, -1, 0, 0, 0, -1, -1, -3
"c:\Users\carso\GitHub\Website\static\admin\js\vendor\select2\i18n\dsb.js", "JavaScript", 0, 0, 0, -1, 0, 0, 0, -1, -1, -3
"c:\Users\carso\GitHub\Website\static\admin\js\vendor\select2\i18n\el.27097f071856.js", "JavaScript", 0, 0, 0, -1, 0, 0, 0, -1, -1, -3
"c:\Users\carso\GitHub\Website\static\admin\js\vendor\select2\i18n\el.js", "JavaScript", 0, 0, 0, -1, 0, 0, 0, -1, -1, -3
"c:\Users\carso\GitHub\Website\static\admin\js\vendor\select2\i18n\en.cf932ba09a98.js", "JavaScript", 0, 0, 0, -1, 0, 0, 0, -1, -1, -3
"c:\Users\carso\GitHub\Website\static\admin\js\vendor\select2\i18n\en.js", "JavaScript", 0, 0, 0, -1, 0, 0, 0, -1, -1, -3
"c:\Users\carso\GitHub\Website\static\admin\js\vendor\select2\i18n\es.66dbc2652fb1.js", "JavaScript", 0, 0, 0, -1, 0, 0, 0, -1, -1, -3
"c:\Users\carso\GitHub\Website\static\admin\js\vendor\select2\i18n\es.js", "JavaScript", 0, 0, 0, -1, 0, 0, 0, -1, -1, -3
"c:\Users\carso\GitHub\Website\static\admin\js\vendor\select2\i18n\et.2b96fd98289d.js", "JavaScript", 0, 0, 0, -1, 0, 0, 0, -1, -1, -3
"c:\Users\carso\GitHub\Website\static\admin\js\vendor\select2\i18n\et.js", "JavaScript", 0, 0, 0, -1, 0, 0, 0, -1, -1, -3
"c:\Users\carso\GitHub\Website\static\admin\js\vendor\select2\i18n\eu.adfe5c97b72c.js", "JavaScript", 0, 0, 0, -1, 0, 0, 0, -1, -1, -3
"c:\Users\carso\GitHub\Website\static\admin\js\vendor\select2\i18n\eu.js", "JavaScript", 0, 0, 0, -1, 0, 0, 0, -1, -1, -3
"c:\Users\carso\GitHub\Website\static\admin\js\vendor\select2\i18n\fa.3b5bd1961cfd.js", "JavaScript", 0, 0, 0, -1, 0, 0, 0, -1, -1, -3
"c:\Users\carso\GitHub\Website\static\admin\js\vendor\select2\i18n\fa.js", "JavaScript", 0, 0, 0, -1, 0, 0, 0, -1, -1, -3
"c:\Users\carso\GitHub\Website\static\admin\js\vendor\select2\i18n\fi.614ec42aa9ba.js", "JavaScript", 0, 0, 0, -1, 0, 0, 0, -1, -1, -3
"c:\Users\carso\GitHub\Website\static\admin\js\vendor\select2\i18n\fi.js", "JavaScript", 0, 0, 0, -1, 0, 0, 0, -1, -1, -3
"c:\Users\carso\GitHub\Website\static\admin\js\vendor\select2\i18n\fr.05e0542fcfe6.js", "JavaScript", 0, 0, 0, -1, 0, 0, 0, -1, -1, -3
"c:\Users\carso\GitHub\Website\static\admin\js\vendor\select2\i18n\fr.js", "JavaScript", 0, 0, 0, -1, 0, 0, 0, -1, -1, -3
"c:\Users\carso\GitHub\Website\static\admin\js\vendor\select2\i18n\gl.d99b1fedaa86.js", "JavaScript", 0, 0, 0, -1, 0, 0, 0, -1, -1, -3
"c:\Users\carso\GitHub\Website\static\admin\js\vendor\select2\i18n\gl.js", "JavaScript", 0, 0, 0, -1, 0, 0, 0, -1, -1, -3
"c:\Users\carso\GitHub\Website\static\admin\js\vendor\select2\i18n\he.e420ff6cd3ed.js", "JavaScript", 0, 0, 0, -1, 0, 0, 0, -1, -1, -3
"c:\Users\carso\GitHub\Website\static\admin\js\vendor\select2\i18n\he.js", "JavaScript", 0, 0, 0, -1, 0, 0, 0, -1, -1, -3
"c:\Users\carso\GitHub\Website\static\admin\js\vendor\select2\i18n\hi.70640d41628f.js", "JavaScript", 0, 0, 0, -1, 0, 0, 0, -1, -1, -3
"c:\Users\carso\GitHub\Website\static\admin\js\vendor\select2\i18n\hi.js", "JavaScript", 0, 0, 0, -1, 0, 0, 0, -1, -1, -3
"c:\Users\carso\GitHub\Website\static\admin\js\vendor\select2\i18n\hr.a2b092cc1147.js", "JavaScript", 0, 0, 0, -1, 0, 0, 0, -1, -1, -3
"c:\Users\carso\GitHub\Website\static\admin\js\vendor\select2\i18n\hr.js", "JavaScript", 0, 0, 0, -1, 0, 0, 0, -1, -1, -3
"c:\Users\carso\GitHub\Website\static\admin\js\vendor\select2\i18n\hsb.fa3b55265efe.js", "JavaScript", 0, 0, 0, -1, 0, 0, 0, -1, -1, -3
"c:\Users\carso\GitHub\Website\static\admin\js\vendor\select2\i18n\hsb.js", "JavaScript", 0, 0, 0, -1, 0, 0, 0, -1, -1, -3
"c:\Users\carso\GitHub\Website\static\admin\js\vendor\select2\i18n\hu.6ec6039cb8a3.js", "JavaScript", 0, 0, 0, -1, 0, 0, 0, -1, -1, -3
"c:\Users\carso\GitHub\Website\static\admin\js\vendor\select2\i18n\hu.js", "JavaScript", 0, 0, 0, -1, 0, 0, 0, -1, -1, -3
"c:\Users\carso\GitHub\Website\static\admin\js\vendor\select2\i18n\hy.c7babaeef5a6.js", "JavaScript", 0, 0, 0, -1, 0, 0, 0, -1, -1, -3
"c:\Users\carso\GitHub\Website\static\admin\js\vendor\select2\i18n\hy.js", "JavaScript", 0, 0, 0, -1, 0, 0, 0, -1, -1, -3
"c:\Users\carso\GitHub\Website\static\admin\js\vendor\select2\i18n\id.04debded514d.js", "JavaScript", 0, 0, 0, -1, 0, 0, 0, -1, -1, -3
"c:\Users\carso\GitHub\Website\static\admin\js\vendor\select2\i18n\id.js", "JavaScript", 0, 0, 0, -1, 0, 0, 0, -1, -1, -3
"c:\Users\carso\GitHub\Website\static\admin\js\vendor\select2\i18n\is.3ddd9a6a97e9.js", "JavaScript", 0, 0, 0, -1, 0, 0, 0, -1, -1, -3
"c:\Users\carso\GitHub\Website\static\admin\js\vendor\select2\i18n\is.js", "JavaScript", 0, 0, 0, -1, 0, 0, 0, -1, -1, -3
"c:\Users\carso\GitHub\Website\static\admin\js\vendor\select2\i18n\it.be4fe8d365b5.js", "JavaScript", 0, 0, 0, -1, 0, 0, 0, -1, -1, -3
"c:\Users\carso\GitHub\Website\static\admin\js\vendor\select2\i18n\it.js", "JavaScript", 0, 0, 0, -1, 0, 0, 0, -1, -1, -3
"c:\Users\carso\GitHub\Website\static\admin\js\vendor\select2\i18n\ja.170ae885d74f.js", "JavaScript", 0, 0, 0, -1, 0, 0, 0, -1, -1, -3
"c:\Users\carso\GitHub\Website\static\admin\js\vendor\select2\i18n\ja.js", "JavaScript", 0, 0, 0, -1, 0, 0, 0, -1, -1, -3
"c:\Users\carso\GitHub\Website\static\admin\js\vendor\select2\i18n\ka.2083264a54f0.js", "JavaScript", 0, 0, 0, -1, 0, 0, 0, -1, -1, -3
"c:\Users\carso\GitHub\Website\static\admin\js\vendor\select2\i18n\ka.js", "JavaScript", 0, 0, 0, -1, 0, 0, 0, -1, -1, -3
"c:\Users\carso\GitHub\Website\static\admin\js\vendor\select2\i18n\km.c23089cb06ca.js", "JavaScript", 0, 0, 0, -1, 0, 0, 0, -1, -1, -3
"c:\Users\carso\GitHub\Website\static\admin\js\vendor\select2\i18n\km.js", "JavaScript", 0, 0, 0, -1, 0, 0, 0, -1, -1, -3
"c:\Users\carso\GitHub\Website\static\admin\js\vendor\select2\i18n\ko.e7be6c20e673.js", "JavaScript", 0, 0, 0, -1, 0, 0, 0, -1, -1, -3
"c:\Users\carso\GitHub\Website\static\admin\js\vendor\select2\i18n\ko.js", "JavaScript", 0, 0, 0, -1, 0, 0, 0, -1, -1, -3
"c:\Users\carso\GitHub\Website\static\admin\js\vendor\select2\i18n\lt.23c7ce903300.js", "JavaScript", 0, 0, 0, -1, 0, 0, 0, -1, -1, -3
"c:\Users\carso\GitHub\Website\static\admin\js\vendor\select2\i18n\lt.js", "JavaScript", 0, 0, 0, -1, 0, 0, 0, -1, -1, -3
"c:\Users\carso\GitHub\Website\static\admin\js\vendor\select2\i18n\lv.08e62128eac1.js", "JavaScript", 0, 0, 0, -1, 0, 0, 0, -1, -1, -3
"c:\Users\carso\GitHub\Website\static\admin\js\vendor\select2\i18n\lv.js", "JavaScript", 0, 0, 0, -1, 0, 0, 0, -1, -1, -3
"c:\Users\carso\GitHub\Website\static\admin\js\vendor\select2\i18n\mk.dabbb9087130.js", "JavaScript", 0, 0, 0, -1, 0, 0, 0, -1, -1, -3
"c:\Users\carso\GitHub\Website\static\admin\js\vendor\select2\i18n\mk.js", "JavaScript", 0, 0, 0, -1, 0, 0, 0, -1, -1, -3
"c:\Users\carso\GitHub\Website\static\admin\js\vendor\select2\i18n\ms.4ba82c9a51ce.js", "JavaScript", 0, 0, 0, -1, 0, 0, 0, -1, -1, -3
"c:\Users\carso\GitHub\Website\static\admin\js\vendor\select2\i18n\ms.js", "JavaScript", 0, 0, 0, -1, 0, 0, 0, -1, -1, -3
"c:\Users\carso\GitHub\Website\static\admin\js\vendor\select2\i18n\nb.da2fce143f27.js", "JavaScript", 0, 0, 0, -1, 0, 0, 0, -1, -1, -3
"c:\Users\carso\GitHub\Website\static\admin\js\vendor\select2\i18n\nb.js", "JavaScript", 0, 0, 0, -1, 0, 0, 0, -1, -1, -3
"c:\Users\carso\GitHub\Website\static\admin\js\vendor\select2\i18n\ne.3d79fd3f08db.js", "JavaScript", 0, 0, 0, -1, 0, 0, 0, -1, -1, -3
"c:\Users\carso\GitHub\Website\static\admin\js\vendor\select2\i18n\ne.js", "JavaScript", 0, 0, 0, -1, 0, 0, 0, -1, -1, -3
"c:\Users\carso\GitHub\Website\static\admin\js\vendor\select2\i18n\nl.997868a37ed8.js", "JavaScript", 0, 0, 0, -1, 0, 0, 0, -1, -1, -3
"c:\Users\carso\GitHub\Website\static\admin\js\vendor\select2\i18n\nl.js", "JavaScript", 0, 0, 0, -1, 0, 0, 0, -1, -1, -3
"c:\Users\carso\GitHub\Website\static\admin\js\vendor\select2\i18n\pl.6031b4f16452.js", "JavaScript", 0, 0, 0, -1, 0, 0, 0, -1, -1, -3
"c:\Users\carso\GitHub\Website\static\admin\js\vendor\select2\i18n\pl.js", "JavaScript", 0, 0, 0, -1, 0, 0, 0, -1, -1, -3
"c:\Users\carso\GitHub\Website\static\admin\js\vendor\select2\i18n\ps.38dfa47af9e0.js", "JavaScript", 0, 0, 0, -1, 0, 0, 0, -1, -1, -3
"c:\Users\carso\GitHub\Website\static\admin\js\vendor\select2\i18n\ps.js", "JavaScript", 0, 0, 0, -1, 0, 0, 0, -1, -1, -3
"c:\Users\carso\GitHub\Website\static\admin\js\vendor\select2\i18n\pt-BR.e1b294433e7f.js", "JavaScript", 0, 0, 0, -1, 0, 0, 0, -1, -1, -3
"c:\Users\carso\GitHub\Website\static\admin\js\vendor\select2\i18n\pt-BR.js", "JavaScript", 0, 0, 0, -1, 0, 0, 0, -1, -1, -3
"c:\Users\carso\GitHub\Website\static\admin\js\vendor\select2\i18n\pt.33b4a3b44d43.js", "JavaScript", 0, 0, 0, -1, 0, 0, 0, -1, -1, -3
"c:\Users\carso\GitHub\Website\static\admin\js\vendor\select2\i18n\pt.js", "JavaScript", 0, 0, 0, -1, 0, 0, 0, -1, -1, -3
"c:\Users\carso\GitHub\Website\static\admin\js\vendor\select2\i18n\ro.f75cb460ec3b.js", "JavaScript", 0, 0, 0, -1, 0, 0, 0, -1, -1, -3
"c:\Users\carso\GitHub\Website\static\admin\js\vendor\select2\i18n\ro.js", "JavaScript", 0, 0, 0, -1, 0, 0, 0, -1, -1, -3
"c:\Users\carso\GitHub\Website\static\admin\js\vendor\select2\i18n\ru.934aa95f5b5f.js", "JavaScript", 0, 0, 0, -1, 0, 0, 0, -1, -1, -3
"c:\Users\carso\GitHub\Website\static\admin\js\vendor\select2\i18n\ru.js", "JavaScript", 0, 0, 0, -1, 0, 0, 0, -1, -1, -3
"c:\Users\carso\GitHub\Website\static\admin\js\vendor\select2\i18n\sk.33d02cef8d11.js", "JavaScript", 0, 0, 0, -1, 0, 0, 0, -1, -1, -3
"c:\Users\carso\GitHub\Website\static\admin\js\vendor\select2\i18n\sk.js", "JavaScript", 0, 0, 0, -1, 0, 0, 0, -1, -1, -3
"c:\Users\carso\GitHub\Website\static\admin\js\vendor\select2\i18n\sl.131a78bc0752.js", "JavaScript", 0, 0, 0, -1, 0, 0, 0, -1, -1, -3
"c:\Users\carso\GitHub\Website\static\admin\js\vendor\select2\i18n\sl.js", "JavaScript", 0, 0, 0, -1, 0, 0, 0, -1, -1, -3
"c:\Users\carso\GitHub\Website\static\admin\js\vendor\select2\i18n\sq.5636b60d29c9.js", "JavaScript", 0, 0, 0, -1, 0, 0, 0, -1, -1, -3
"c:\Users\carso\GitHub\Website\static\admin\js\vendor\select2\i18n\sq.js", "JavaScript", 0, 0, 0, -1, 0, 0, 0, -1, -1, -3
"c:\Users\carso\GitHub\Website\static\admin\js\vendor\select2\i18n\sr-Cyrl.f254bb8c4c7c.js", "JavaScript", 0, 0, 0, -1, 0, 0, 0, -1, -1, -3
"c:\Users\carso\GitHub\Website\static\admin\js\vendor\select2\i18n\sr-Cyrl.js", "JavaScript", 0, 0, 0, -1, 0, 0, 0, -1, -1, -3
"c:\Users\carso\GitHub\Website\static\admin\js\vendor\select2\i18n\sr.5ed85a48f483.js", "JavaScript", 0, 0, 0, -1, 0, 0, 0, -1, -1, -3
"c:\Users\carso\GitHub\Website\static\admin\js\vendor\select2\i18n\sr.js", "JavaScript", 0, 0, 0, -1, 0, 0, 0, -1, -1, -3
"c:\Users\carso\GitHub\Website\static\admin\js\vendor\select2\i18n\sv.7a9c2f71e777.js", "JavaScript", 0, 0, 0, -1, 0, 0, 0, -1, -1, -3
"c:\Users\carso\GitHub\Website\static\admin\js\vendor\select2\i18n\sv.js", "JavaScript", 0, 0, 0, -1, 0, 0, 0, -1, -1, -3
"c:\Users\carso\GitHub\Website\static\admin\js\vendor\select2\i18n\th.f38c20b0221b.js", "JavaScript", 0, 0, 0, -1, 0, 0, 0, -1, -1, -3
"c:\Users\carso\GitHub\Website\static\admin\js\vendor\select2\i18n\th.js", "JavaScript", 0, 0, 0, -1, 0, 0, 0, -1, -1, -3
"c:\Users\carso\GitHub\Website\static\admin\js\vendor\select2\i18n\tk.7c572a68c78f.js", "JavaScript", 0, 0, 0, -1, 0, 0, 0, -1, -1, -3
"c:\Users\carso\GitHub\Website\static\admin\js\vendor\select2\i18n\tk.js", "JavaScript", 0, 0, 0, -1, 0, 0, 0, -1, -1, -3
"c:\Users\carso\GitHub\Website\static\admin\js\vendor\select2\i18n\tr.b5a0643d1545.js", "JavaScript", 0, 0, 0, -1, 0, 0, 0, -1, -1, -3
"c:\Users\carso\GitHub\Website\static\admin\js\vendor\select2\i18n\tr.js", "JavaScript", 0, 0, 0, -1, 0, 0, 0, -1, -1, -3
"c:\Users\carso\GitHub\Website\static\admin\js\vendor\select2\i18n\uk.8cede7f4803c.js", "JavaScript", 0, 0, 0, -1, 0, 0, 0, -1, -1, -3
"c:\Users\carso\GitHub\Website\static\admin\js\vendor\select2\i18n\uk.js", "JavaScript", 0, 0, 0, -1, 0, 0, 0, -1, -1, -3
"c:\Users\carso\GitHub\Website\static\admin\js\vendor\select2\i18n\vi.097a5b75b3e1.js", "JavaScript", 0, 0, 0, -1, 0, 0, 0, -1, -1, -3
"c:\Users\carso\GitHub\Website\static\admin\js\vendor\select2\i18n\vi.js", "JavaScript", 0, 0, 0, -1, 0, 0, 0, -1, -1, -3
"c:\Users\carso\GitHub\Website\static\admin\js\vendor\select2\i18n\zh-CN.2cff662ec5f9.js", "JavaScript", 0, 0, 0, -1, 0, 0, 0, -1, -1, -3
"c:\Users\carso\GitHub\Website\static\admin\js\vendor\select2\i18n\zh-CN.js", "JavaScript", 0, 0, 0, -1, 0, 0, 0, -1, -1, -3
"c:\Users\carso\GitHub\Website\static\admin\js\vendor\select2\i18n\zh-TW.04554a227c2b.js", "JavaScript", 0, 0, 0, -1, 0, 0, 0, -1, -1, -3
"c:\Users\carso\GitHub\Website\static\admin\js\vendor\select2\i18n\zh-TW.js", "JavaScript", 0, 0, 0, -1, 0, 0, 0, -1, -1, -3
"c:\Users\carso\GitHub\Website\static\admin\js\vendor\select2\select2.full.c2afdeda3058.js", "JavaScript", 0, 0, 0, -5102, 0, 0, 0, -384, -1335, -6821
"c:\Users\carso\GitHub\Website\static\admin\js\vendor\select2\select2.full.js", "JavaScript", 0, 0, 0, -5102, 0, 0, 0, -384, -1335, -6821
"c:\Users\carso\GitHub\Website\static\admin\js\vendor\select2\select2.full.min.fcd7500d8e13.js", "JavaScript", 0, 0, 0, -1, 0, 0, 0, -1, 0, -2
"c:\Users\carso\GitHub\Website\static\admin\js\vendor\select2\select2.full.min.js", "JavaScript", 0, 0, 0, -1, 0, 0, 0, -1, 0, -2
"c:\Users\carso\GitHub\Website\static\admin\js\vendor\xregexp\xregexp.efda034b9537.js", "JavaScript", 0, 0, 0, -3138, 0, 0, 0, -1271, -244, -4653
"c:\Users\carso\GitHub\Website\static\admin\js\vendor\xregexp\xregexp.js", "JavaScript", 0, 0, 0, -3138, 0, 0, 0, -1271, -244, -4653
"c:\Users\carso\GitHub\Website\static\admin\js\vendor\xregexp\xregexp.min.b0439563a5d3.js", "JavaScript", 0, 0, 0, -129, 0, 0, 0, -31, -1, -161
"c:\Users\carso\GitHub\Website\static\admin\js\vendor\xregexp\xregexp.min.js", "JavaScript", 0, 0, 0, -129, 0, 0, 0, -31, -1, -161
"c:\Users\carso\GitHub\Website\static\css\images.058b5b2c206d.css", "CSS", 0, -22, 0, 0, 0, 0, 0, -2, -6, -30
"c:\Users\carso\GitHub\Website\static\css\images.css", "CSS", 0, -22, 0, 0, 0, 0, 0, -2, -6, -30
"c:\Users\carso\GitHub\Website\static\css\smoke.8502f9ac090c.css", "CSS", 0, -160, 0, 0, 0, 0, 0, -4, -25, -189
"c:\Users\carso\GitHub\Website\static\css\smoke.css", "CSS", 0, -160, 0, 0, 0, 0, 0, -4, -25, -189
"c:\Users\carso\GitHub\Website\static\css\style.19591426fb92.css", "CSS", 0, -1334, 0, 0, 0, 0, 0, -10, -242, -1586
"c:\Users\carso\GitHub\Website\static\css\style.3d5d66ccb2f8.css", "CSS", 0, -1403, 0, 0, 0, 0, 0, -16, -255, -1674
"c:\Users\carso\GitHub\Website\static\css\style.70690b7d71cc.css", "CSS", 0, -1116, 0, 0, 0, 0, 0, -13, -208, -1337
"c:\Users\carso\GitHub\Website\static\css\style.a5cb11dc430d.css", "CSS", 0, -1345, 0, 0, 0, 0, 0, -15, -247, -1607
"c:\Users\carso\GitHub\Website\static\css\style.css", "CSS", 0, -1403, 0, 0, 0, 0, 0, -16, -255, -1674
"c:\Users\carso\GitHub\Website\static\css\style.ed87a57c4ff7.css", "CSS", 0, -1345, 0, 0, 0, 0, 0, -15, -247, -1607
"c:\Users\carso\GitHub\Website\static\css\style.ef9c7c741ce3.css", "CSS", 0, -1430, 0, 0, 0, 0, 0, -16, -260, -1706
"c:\Users\carso\GitHub\Website\static\icons\briefcase-icon.484c75d7f995.svg", "XML", 0, 0, -1, 0, 0, 0, 0, 0, 0, -1
"c:\Users\carso\GitHub\Website\static\icons\briefcase-icon.svg", "XML", 0, 0, -1, 0, 0, 0, 0, 0, 0, -1
"c:\Users\carso\GitHub\Website\static\icons\cookies-icon.49383d922e81.svg", "XML", 0, 0, -1, 0, 0, 0, 0, 0, 0, -1
"c:\Users\carso\GitHub\Website\static\icons\cookies-icon.svg", "XML", 0, 0, -1, 0, 0, 0, 0, 0, 0, -1
"c:\Users\carso\GitHub\Website\static\icons\facebook-round-icon.78d6179dc2a4.svg", "XML", 0, 0, -1, 0, 0, 0, 0, 0, 0, -1
"c:\Users\carso\GitHub\Website\static\icons\facebook-round-icon.svg", "XML", 0, 0, -1, 0, 0, 0, 0, 0, 0, -1
"c:\Users\carso\GitHub\Website\static\icons\globe-network-icon.0e5ab3dad927.svg", "XML", 0, 0, -1, 0, 0, 0, 0, 0, 0, -1
"c:\Users\carso\GitHub\Website\static\icons\globe-network-icon.svg", "XML", 0, 0, -1, 0, 0, 0, 0, 0, 0, -1
"c:\Users\carso\GitHub\Website\static\icons\group-icon.0c27ab7a1be2.svg", "XML", 0, 0, -1, 0, 0, 0, 0, 0, 0, -1
"c:\Users\carso\GitHub\Website\static\icons\group-icon.svg", "XML", 0, 0, -1, 0, 0, 0, 0, 0, 0, -1
"c:\Users\carso\GitHub\Website\static\icons\instagram-icon.f8268fc6041c.svg", "XML", 0, 0, -1, 0, 0, 0, 0, 0, 0, -1
"c:\Users\carso\GitHub\Website\static\icons\instagram-icon.svg", "XML", 0, 0, -1, 0, 0, 0, 0, 0, 0, -1
"c:\Users\carso\GitHub\Website\static\icons\linkedin-icon.926922ea5d6a.svg", "XML", 0, 0, -1, 0, 0, 0, 0, 0, 0, -1
"c:\Users\carso\GitHub\Website\static\icons\linkedin-icon.svg", "XML", 0, 0, -1, 0, 0, 0, 0, 0, 0, -1
"c:\Users\carso\GitHub\Website\static\icons\mail-icon.7cf22da635c4.svg", "XML", 0, 0, -1, 0, 0, 0, 0, 0, 0, -1
"c:\Users\carso\GitHub\Website\static\icons\mail-icon.svg", "XML", 0, 0, -1, 0, 0, 0, 0, 0, 0, -1
"c:\Users\carso\GitHub\Website\static\icons\settings-icon.cc125002fa96.svg", "XML", 0, 0, -1, 0, 0, 0, 0, 0, 0, -1
"c:\Users\carso\GitHub\Website\static\icons\settings-icon.svg", "XML", 0, 0, -1, 0, 0, 0, 0, 0, 0, -1
"c:\Users\carso\GitHub\Website\static\js\script.01ccd6fef58d.js", "JavaScript", 0, 0, 0, -528, 0, 0, 0, -65, -87, -680
"c:\Users\carso\GitHub\Website\static\js\script.2eec9e53d633.js", "JavaScript", 0, 0, 0, -484, 0, 0, 0, -61, -82, -627
"c:\Users\carso\GitHub\Website\static\js\script.5372185ab4e2.js", "JavaScript", 0, 0, 0, -526, 0, 0, 0, -65, -87, -678
"c:\Users\carso\GitHub\Website\static\js\script.6347d43f1587.js", "JavaScript", 0, 0, 0, -554, 0, 0, 0, -70, -89, -713
"c:\Users\carso\GitHub\Website\static\js\script.6552d3d682ce.js", "JavaScript", 0, 0, 0, -529, 0, 0, 0, -70, -87, -686
"c:\Users\carso\GitHub\Website\static\js\script.792aca4c4b7e.js", "JavaScript", 0, 0, 0, -549, 0, 0, 0, -70, -89, -708
"c:\Users\carso\GitHub\Website\static\js\script.9c71e2a844d2.js", "JavaScript", 0, 0, 0, -528, 0, 0, 0, -65, -87, -680
"c:\Users\carso\GitHub\Website\static\js\script.js", "JavaScript", 0, 0, 0, -549, 0, 0, 0, -70, -89, -708
"c:\Users\carso\GitHub\Website\static\staticfiles.json", "JSON", 0, 0, 0, 0, 0, -1, 0, 0, 0, -1
"Total", "-", 1120, -17533, -261, -38553, 1037, -1, -68, -8665, -11885, -74809